{
  "ridge_onehot": {
    "rmse": 9702268773.471163,
    "mae": 4052563093.9344726,
    "r2": 0.7524495861006479,
    "mape_percent": 36.1716799435316
  },
  "random_forest": {
    "rmse": 8867446241.342426,
    "mae": 3528030655.535872,
    "r2": 0.7932173090745063,
    "mape_percent": 32.50802091088944
  },
  "hist_gradient_boosting": {
    "rmse": 8875163831.775496,
    "mae": 3886574619.1721334,
    "r2": 0.7928572147391808,
    "mape_percent": 34.2671315149306
  },
  "stacking_ensemble": {
    "rmse": 8597938857.305586,
    "mae": 3721377205.067824,
    "r2": 0.8055957482979743,
    "mape_percent": 33.42418132759264
  }
}